"GVIF","Df","GVIF^(1/(2*Df))","Variable"
1.00253611338172,1,1.00126725372486,"ln_precio"
4.52974707205725,1,2.1283202465929,"ln_costo"
3.48079749859592,6,1.10953216423407,"category"
2.05021496997363,3,1.1271106844813,"brand"
